{"cameraMode":{"drawMode":0,"name":"Shaded","section":"Shading Mode"},"sceneLighting":false,"audioPlay":false,"sceneViewState":{"showFog":true,"showMaterialUpdate":false,"showSkybox":false,"showFlares":true,"showImageEffects":true,"showParticleSystems":true},"in2DMode":false,"pivot":{"x":-1.169853687286377,"y":2.1700000762939455,"z":-0.03211677074432373},"rotation":{"x":-0.1423017680644989,"y":0.43296027183532717,"z":-0.06942425668239594,"w":-0.8874185085296631},"size":0.9069178700447083,"orthographic":false}