{"cameraMode":{"drawMode":0,"name":"Shaded","section":"Shading Mode"},"sceneLighting":false,"audioPlay":false,"sceneViewState":{"showFog":true,"showMaterialUpdate":false,"showSkybox":false,"showFlares":true,"showImageEffects":true,"showParticleSystems":true},"in2DMode":false,"pivot":{"x":0.32130786776542666,"y":-0.09901183098554611,"z":-0.2597292363643646},"rotation":{"x":0.09446515142917633,"y":0.8907346129417419,"z":-0.21655690670013429,"w":0.38849595189094546},"size":0.9069178700447083,"orthographic":false}